last^first^address^email^phone^photo
Anderson^Simon^1968 Longview AvenueBrooklyn,NY11206^NicoleMMurley@gmail.com^718-524-9339^simon.jpg
Andrews^Andrew^2641 Ash AvenueStlouis,MO63101^JamesVRivera@gmail.com^314-873-3407^andrew.jpg
Beemer^Nicholas^2554 Sardis StaDallas,TX75204^LorenzoLAaron@gmail.com^817-675-4497^nicholas.jpg
Berndt^Alex^625 Woodland AvenueLockport,LA70374^JohnSColeman@gmail.com^985-532-9327^alex.jpg
Boeck^Sam^4244 Heliport LoopBloomington,IN47404^CarissaJCaudell@gmail.com^812-674-3904^sam.jpg
Brick^Dusting^492 Garfield RoadPeoria,IL61602^RoseannDLalonde@yahoo.com^309-671-7583^dusting.jpg
Busch^Nicholas^4104 Lucy LaneEast Enterprise,IN47019^JosephAMesa@yahoo.com^812-534-6222^nicholas_2.jpg
Coghlin^Cody^4350 Valley StreetCamden,NJ8102^RamonDJohnson@gmail.com^856-752-1307^null
David^Derick^4037 Franklin StreetMontgomery,AL36104^JimmyRDebellis@gmail.com^334-728-3676^null
Diggs^Rachel^982 Kincheloe RoadBeaverton,OR97005^MariaDPierce@yahoo.com^503-520-3758^rachel.jpg
Drellack^Ben^4637 Brookview DriveBeaumont,TX77701^AliceDRogers@gmail.com^409-225-7719^null
Duong^Ryun^1170 Primrose LaneMadison,WI53718^NicholasCBerube@gmail.com^608-604-4096^ryun.jpg
Ehlert^Alex^3628 Ford StreetOakland,CA94607^SusanRWagner@gmail.com^408-449-4105^alex_girl.jpg
Engle^Kristin^2154 Quiet Valley LaneLos Angeles,CA90017^DonaldJRyan@gmail.com^818-922-4920^kristin.jpg
Foley^Melissa^4608 Bond StreetWoonsocket,RI2895^AllieDWalker@gmail.com^401-769-5456^melissa.jpg
Godoy^Isaac^4403 Hillview DriveEllijay,GA30540^MarlonMCouncil@gmail.com^706-946-2249^null
Hamilton^Alec^269 Angie DriveGreen Bay,WI54301^AnthonyMVasquez@gmail.com^715-203-3888^null
Herr^Nick^1679 Pick StreetBaggs,CO82321^JamesCGoodman@gmail.com^970-583-1952^null
Hobbs ^Brian^2158 Winding WayWesterly,RI2891^MarkMCalloway@gmail.com^401-637-0044^null
Ilkka^Chase^2412 Jessie StreetGlenford,OH43739^JennyKNorris@gmail.com^740-659-7484^null
Johnson^Alex^91 Millbrook RoadElmhurst,IL60126^JohnGSmith@gmail.com^630-833-3041^null
Kinney^Kyle^2503 Center StreetEugene,OR97401^RichardADickinson@gmail.com^541-971-6927^null
Knudson^Charles^3613 Fire Access RoadWinston Salem,NC27101^RyanVMathews@gmail.com^336-917-5655^null
Koehl^Lucas^3563 Tipple RoadPhiladelphia,PA19103^RobertGThompson@gmail.com^215-751-1288^null
Laffey^Brendon^4092 Parker DriveCleveland,OH44108^ArmandoMRichards@gmail.com^216-681-1380^null
Larson^Aaron^1095 Conference Center WaySugar Notch,PA18706^DavidTKeeley@gmail.com^570-891-8896^null
Lavigne^Patrica^1345 Single StreetWoburn,MA1801^LawrenceTMorton@gmail.com^781-570-3992^patrica.jpg
Lucas^Donald^2828 Heritage RoadTerra Bella,CA93270^MichaelGOrton@gmail.com^559-791-0393^null
MacLeod^Luke^4344 Nixon AvenueLima,OH45801^JesseRRivera@gmail.com^419-995-7421^null
Maloney^Juan Carlos^3286 Zimmerman LaneLos Angeles,CA90071^MarleneESacco@gmail.com^213-488-9326^null
Mauser, ^Kyle^1611 Pallet StreetNew York,NY10007^PatriciaJNelson@gmail.com^914-319-3195^null
Nieves-Perez^Edward^2649 Saint James DriveHarrisburg,PA17111^MonicaASharp@gmail.com^717-503-2193^null
Pena^Olivia^525 Ward RoadEl Paso,TX79901^CarolJSanchez@gmail.com^915-307-9706^olivia.jpg
Remke^Brian^109 Gerald L. Bates DriveBoston,MA2199^WalterDNeal@gmail.com^617-874-1546^null
Ridout^Peighton^850 College ViewEdwardsville,IL62025^PhilipCCarter@gmail.com^618-656-0936^peighton.jpg
Shaffer^John^4184 University Hill RoadAthens,IL62613^JuanMSmith@gmail.com^217-636-2584^null
Zeatlow^Jacob^477 McDowell StreetNashville,TN37214^RobertKWright@gmail.com^931-355-8342^null
Zenner^Victoria^343 Johnstown RoadSchaumburg,IL60173^AliciaTMassey@gmail.com^847-435-2222^victoria.jpg
Clayton^Turley^4191 Clay StreetPlainfield,IN46168^ClaytonDTurley@gmail.com^317-406-3942^null
Danny^Newton^2288 Russell StreetLowell,MA1852^DannyHNewton@gmail.com^978-934-7026^null
Brian^Marrero^545 Poe RoadFlorence,SC29501^BrianJMarrero@gmail.com^843-260-0470^null
Ralph^Valladares^3237 Jehovah DriveFredericksburg,VA22408^RalphFValladares@gmail.com^540-533-6934^null
Mary^Burleson^2750 Sussex CourtWaco,TX76701^MarySBurleson@gmail.com^254-555-1241^null
George^Knotts^2762 Brooke StreetHouston,TX77087^GeorgeCKnotts@gmail.com^713-645-5006^null
Patti^Hayes^2869 Linden AvenueMaitland,FL32751^PattiMHayes@gmail.com^407-544-5602^null
Robert^King^3565 James AvenueSyracuse,NY13202^RobertDKing@gmail.com^315-903-1397^null
Vanessa^Garrido^3352 Atha DriveDelano,CA93215^VanessaJGarrido@gmail.com^661-720-8300^null
Elizabeth^Lutz^3165 Cambridge DriveWhite Tanks,AZ85340^ElizabethBLutz@gmail.com^623-853-6709^null
William^Harrison^4088 Boring LaneOakland,CA94612^WilliamSHarrison@gmail.com^415-629-8988^null
Sherita^Reid^1959 Del Dew DriveGreenbelt,MD20770^SheritaJReid@gmail.com^301-906-8244^null
Salvador^Rush^4341 West Fork StreetHelena,MT59601^SalvadorARush@gmail.com^406-498-9030^null
Jeremy^Sandoval^586 Passaic StreetFreehold,NJ7728^JeremyDSandoval@gmail.com^201-442-9127^null
Rebecca^Hodge^1399 Elliot AvenueSeattle,WA98109^RebeccaDHodge@gmail.com^206-629-8150^null
Peggy^Pool^4670 Karen LaneLouisville,KY40219^PeggyBPool@gmail.com^502-968-1669^null
Philip^Stites^3034 Roguski RoadArcadia,LA71001^PhilipSStites@gmail.com^318-263-7067^null
Thelma^Dye^4268 Maud StreetWilmington,DE19802^ThelmaDDye@gmail.com^302-765-6560^null
Yvonne^Pierce^2984 Straford ParkLexington,KY40507^YvonnePPierce@gmail.com^606-576-3778^null
Ronald^Valdez^931 Berry StreetColorado Springs,CO80915^RonaldKValdez@gmail.com^719-574-6353^null
Mary^Ellison^46 Waterview LaneLas Cruces,NM88001^MaryMEllison@gmail.com^505-442-2495^null
Lauren^Bluhm^3611 Wildwood StreetYoungstown,OH44503^LaurenKBluhm@gmail.com^330-746-2052^null
Amy^Mears^2709 Fantages WayEast Millinocket,ME4430^AmyVMears@gmail.com^207-746-0224^null
Joann^Moses^2234 Stoneybrook RoadOrlando,FL32805^JoannJMoses@gmail.com^321-482-6075^null
Beth^Leedom^3263 Roosevelt Wilson LaneRialto,CA92376^BethWLeedom@gmail.com^909-802-2650^null
Virginia^Sanders^888 Thompson DriveSan Leandro,CA94578^VirginiaJSanders@gmail.com^510-481-2693^null
Rebecca^Sapp^2122 Drainer AvenuePanama City,FL32401^RebeccaRSapp@gmail.com^850-560-2224^null
Charles^Nunn^3196 Lyon AvenueWoburn,MA1801^CharlesWNunn@gmail.com^508-933-2411^null
Bennie^Swain^3625 Hillcrest AvenueWaltham,MA2154^BennieHSwain@gmail.com^781-839-9319^null
Leslie^Hall^4315 Fort StreetKent,WA98032^LeslieDHall@gmail.com^253-250-7003^null
Allan^Stringer^1700 Stanton Hollow RoadCambridge,MA2141^AllanTStringer@gmail.com^781-530-5197^null
Thomas^Capps^455 Nutter StreetOdell,IL60460^ThomasDCapps@gmail.com^815-998-8100^null
Mary^Dunphy^2902 Hilltop Haven DriveRochelle Park,NJ7662^MaryLDunphy@gmail.com^973-818-8736^null
Corine^Mejia^270 Chicago AvenueHanford,CA93230^CorineTMejia@gmail.com^559-589-9607^null
Dana^Jarrett^4207 Lost Creek RoadFort Washington,PA19034^DanaMJarrett@gmail.com^610-943-3542^null
Darlene^Baez^1351 Cheshire RoadNew Haven,CT6511^DarleneJBaez@gmail.com^203-430-5385^null
Kathryn^Morrissette^198 Jehovah DriveHarrisonburg,VA22801^KathrynCMorrissette@gmail.com^540-438-5426^null
Gladys^Sutherland^167 Patterson RoadBrooklyn,NY11215^GladysSSutherland@gmail.com^718-840-1618^null
Francisco^Gonzalez^4864 Ryan RoadBonesteel,SD57317^FranciscoJGonzalez@gmail.com^605-654-8124^null
Javier^Wax^1675 Eva Pearl StreetInnis,LA70447^JavierJWax@gmail.com^225-492-4778^null
Jessica^Heath^4756 Libby StreetEl Segundo,CA90245^JessicaLHeath@gmail.com^310-252-2859^null
Katherina^Becker^238 Trails End RoadFort Lauderdale,FL33301^KatherinaGBecker@gmail.com^954-357-9570^null
Donald^Young^1276 Tea Berry LaneAmherst,WI54406^DonaldVYoung@gmail.com^715-824-0234^null
Karen^Pelletier^1287 Yorkie LaneBlitchton,GA31321^KarenWPelletier@gmail.com^912-678-1629^null
Maynard^Edson^2616 Post AvenueBrook,IN47922^MaynardKEdson@gmail.com^219-275-3437^null
Donald^Davis^3045 Layman CourtLawrenceville,GA30245^DonaldCDavis@gmail.com^678-376-9938^null
Debbie^Heard^3277 Sardis StaDallas,TX75207^DebbieSHeard@gmail.com^817-672-0875^null
Vena^Villalvazo^1097 Maryland AvenueFeather Sound,FL34622^VenaCVillalvazo@gmail.com^727-592-0489^null
Jose^Higgins^1749 Freed DriveModesto,CA95351^JoseIHiggins@gmail.com^209-735-4364^null
Rogelio^Weber^1145 Barnes AvenueBlue Ash,OH45242^RogelioLWeber@gmail.com^513-645-5219^null
Jimmy^Derby^2359 Daylene DriveDetroit,MI48226^JimmyJDerby@gmail.com^734-560-0746^null
Jorge^Sample^2375 Fraggle DriveWood Dale,IL60191^JorgeLSample@gmail.com^630-348-1967^null
Myron^Marshall^4980 Hall Valley DriveSophia,WV25921^MyronWMarshall@gmail.com^304-683-0192^null
Robert^Gonzalez^2530 Roosevelt Wilson LaneBig Bear Lake,CA92315^RobertCGonzalez@gmail.com^909-866-0675^null
Cindy^Gray^3815 Highland View DriveSacramento,CA58147^CindySGray@gmail.com^916-702-7887^null
Eva^Dupuis^1093 Lunetta StreetPort Charlotte,FL33954^EvaJDupuis@gmail.com^941-205-6188^null
Jean^Chow^99 Shingleton RoadGrand Rapids,MI49503^JeanMChow@gmail.com^269-377-1847^null
Vernon^Edwards^4665 Dennison StreetStockton,CA95204^VernonKEdwards@gmail.com^209-517-2446^null
Irene^Hudspeth^3014 Snider StreetEnglewood,CO80112^IreneMHudspeth@gmail.com^720-219-7603^null
Ruth^Hernandez^4966 Neville StreetSeymour,IN47274^RuthMHernandez@gmail.com^812-614-1125^null
Shirley^Schriver^2693 Wilson StreetPalm Springs,CA92262^ShirleyASchriver@gmail.com^760-904-6679^null
Jean^Street^4592 Nixon AvenueKingsport,TN37660^JeanLStreet@gmail.com^423-245-7980^null
George^Tapia^4394 Moore AvenueKeller,TX76248^GeorgeJTapia@gmail.com^817-748-3696^null
David^Goebel^1499 Glen Falls RoadPhiladelphia,PA19146^DavidCGoebel@gmail.com^215-875-3381^null
Neil^Troncoso^2342 Augusta ParkCharleston,WV25301^NeilMTroncoso@gmail.com^304-764-6818^null
Estelle^King^1045 May StreetStone,KY41567^EstelleBKing@gmail.com^606-353-5530^null
Sarah^Pitts^4946 Milford StreetManchester,NH3101^SarahTPitts@gmail.com^603-663-8120^null
Michael^Wiles^4081 Traction StreetSpartanburg,SC29302^MichaelAWiles@gmail.com^864-583-4791^null
Jessie^Rethman^1909 Brown StreetSan Jose,CA95113^JessieFRethman@gmail.com^925-900-5531^null
Jeffrey^Blazek^2588 Brown StreetWalnut Creek,CA94596^JeffreyJBlazek@gmail.com^925-988-7329^null
Gregory^Shropshire^775 Hog Camp RoadMonee,IL60449^GregoryAShropshire@gmail.com^708-534-7659^null
Mary^Fullmer^2315 Riverwood DriveFrench Gulch,CA96033^MaryLFullmer@gmail.com^530-359-4396^null
Katherine^Linares^415 Hewes AvenueBaltimore,MD21202^KatherineJLinares@gmail.com^443-644-0688^null
Samuel^Taylor^2533 Horner StreetYoungstown,OH44503^SamuelNTaylor@gmail.com^330-892-0859^null
Justine^Trainor^3624 Marietta StreetOakland,CA94612^JustineWTrainor@gmail.com^707-638-2215^null
David^Masters^2488 Kinney StreetHolyoke,MA1040^DavidBMasters@gmail.com^413-534-1080^null
Robert^Divito^947 Progress WaySaint Cloud,MN56303^RobertKDivito@gmail.com^320-255-4957^null
Veronica^Anderson^3231 Pin Oak DriveDavenport,IA52803^VeronicaTAnderson@gmail.com^563-333-8375^null
Anna^Raphael^4475 Hamilton DriveWindsor Mill,MD21244^AnnaWRaphael@gmail.com^410-207-7719^null
Denis^Holcomb^2998 Sundown LaneAustin,TX78741^DenisTHolcomb@gmail.com^512-334-8913^null
Betty^Lashbrook^1764 Jail DriveLos Angeles,CA90024^BettyELashbrook@gmail.com^310-206-2901^null
William^Moody^1265 Hannah StreetFranklin,NC28734^WilliamMMoody@gmail.com^828-349-1618^null
Olga^Werner^4219 Mudlick RoadPasco,WA99301^OlgaSWerner@gmail.com^509-542-6370^null
Nora^Dashner^2779 Stark Hollow RoadCentennial,CO80112^NoraGDashner@gmail.com^970-904-4816^null
Margaret^Donahue^4867 John Daniel DriveMarston,MO63866^MargaretSDonahue@gmail.com^573-643-5895^null
Patricia^Anderson^2487 Maple StreetIrvine,CA92618^PatriciaDAnderson@gmail.com^714-369-7068^null
Gary^Hunter^3690 Retreat AvenueBiddeford,ME4005^GaryMHunter@gmail.com^207-337-1834^null
Tanesha^Guzman^2609 Glen Falls RoadPhiladelphia,PA19107^TaneshaJGuzman@gmail.com^215-828-3077^null
Cathy^Jones^3062 Brighton Circle RoadSaint Cloud,MN56303^CathyMJones@gmail.com^320-529-9226^null
Debbie^Thomas^4030 Glen Falls RoadPlymouth Meeting,PA19462^DebbieMThomas@gmail.com^215-840-6630^null
Laura^Johnson^3397 Northwest BoulevardRutherford,NJ7070^LauraJJohnson@gmail.com^201-964-7255^null
Nichelle^Thompson^2985 Lowndes Hill Park RoadPalmdale,CA93550^NichelleBThompson@gmail.com^661-538-5278^null
Michael^Perez^3745 Still StreetMargaretta (Township),OH44824^MichaelRPerez@gmail.com^419-680-2550^null
Karen^Anderson^2681 Water StreetConcord,CA94520^KarenDAnderson@gmail.com^925-325-0233^null
Richard^Clark^4904 Lynn StreetBoston,MA2114^RichardMClark@gmail.com^617-228-6536^null
Jonathan^Devaney^3854 Parkway StreetIndio,CA92201^JonathanDDevaney@gmail.com^760-342-0964^null
Shirley^Heath^3517 Wilmar Farm RoadFrederick,MD21701^ShirleySHeath@gmail.com^240-315-7498^null
Pamela^Wyrick^4104 Romano StreetBoston,MA2210^PamelaAWyrick@gmail.com^781-371-3726^null
Noah^Robinson^4402 Lang AvenueScipio,UT84656^NoahSRobinson@gmail.com^435-758-4845^null
Shane^Hardin^1701 Godfrey StreetMcminnville,OR97128^ShaneJHardin@gmail.com^503-565-4304^null
Debra^Thompson^469 Michigan AvenueKittanning,PA16201^DebraAThompson@gmail.com^724-596-3900^null
Tiffany^Wiley^4382 Poling Farm RoadNorfolk,NE68701^TiffanyJWiley@gmail.com^402-370-5121^null
Robert^Irwin^3652 Morris StreetSan Antonio,TX78217^RobertPIrwin@gmail.com^830-323-1809^null
Steven^Wood^249 Steele StreetLombard,IL60148^StevenHWood@gmail.com^630-678-2995^null
George^Stiles^3868 Harron DriveColumbia,MD21046^GeorgeGStiles@gmail.com^443-514-9957^null
Jacob^Reichenbach^3553 Terry LaneMaitland,FL32751^JacobHReichenbach@gmail.com^321-239-4111^null
Hank^Fleming^3496 Benson StreetEau Claire,WI54701^HankBFleming@gmail.com^715-290-6058^null
Barbara^Alvarez^2777 Garrett StreetKalamazoo,MI49007^BarbaraBAlvarez@gmail.com^269-251-7569^null
Ramona^Haslett^3686 Junkins AvenueSparks,GA31647^RamonaBHaslett@gmail.com^229-549-9460^null
Thomas^Raulston^4297 Levy CourtBoston,MA2199^ThomasJRaulston@gmail.com^978-719-8231^null
Sam^Power^3848 Despard StreetAtlanta,GA30318^SamOPower@gmail.com^404-702-5790^null
Vernon^Torres^4901 Stoneybrook RoadLake Mary,FL32746^VernonMTorres@gmail.com^321-480-4417^null
Roberto^Justice^755 Masonic Hill RoadLittle Rock,AR72210^RobertoMJustice@gmail.com^501-499-8518^null
Robert^Frederick^4723 Hilltop StreetChicopee,MA1013^RobertJFrederick@gmail.com^413-594-3553^null
Fabian^Williams^29 Sardis StaDallas,TX75247^FabianKWilliams@gmail.com^817-582-8994^null
Bill^Hacker^1611 Anmoore RoadBrooklyn,NY11213^BillCHacker@gmail.com^718-778-9209^null
Charles^Graham^2500 Garfield RoadEast Peoria,IL61611^CharlesCGraham@gmail.com^309-699-6109^null
Danny^Chang^84 Lady Bug DriveBrooklyn,NY11212^DannyPChang@gmail.com^718-927-6812^null
Glenna^McBride^4095 Ralph DrivePerry,OH44081^GlennaPMcBride@gmail.com^440-259-8004^null
Amanda^Lee^551 Clarksburg Park RoadDuncan,AZ85534^AmandaLLee@gmail.com^928-359-3836^null
Phyllis^Hudson^3594 Coolidge StreetBig Sky,MT59716^PhyllisJHudson@gmail.com^406-995-7607^null
Jesus^Schmidt^4196 Stoney LaneDallas,TX75201^JesusDSchmidt@gmail.com^972-894-8123^null
Nelda^Shell^2076 Charter StreetOlathe,KS66061^NeldaFShell@gmail.com^913-695-3925^null
Jamie^Severin^4027 Cody Ridge RoadGuymon,OK73942^JamieMSeverin@gmail.com^580-552-9170^null
Betty^Farrell^1172 Emma StreetPampa,TX79065^BettyDFarrell@gmail.com^806-886-5768^null
Claire^Pate^3334 Chenoweth DriveNashville,TN37211^ClaireRPate@gmail.com^931-575-5345^null
Shirley^Krupp^276 Abner RoadRice Lake,WI54868^ShirleyDKrupp@gmail.com^715-434-2764^null
Louise^Hill^3918 Scenicview DriveSeattle,WA98161^LouiseJHill@gmail.com^425-961-7244^null
Derrick^Fuchs^700 Red Hawk RoadSaint Cloud,MN56301^DerrickRFuchs@gmail.com^320-735-9336^null
Timothy^Bartlow^791 Sun Valley RoadGeorge,WA98824^TimothyDBartlow@gmail.com^509-785-0560^null
Bob^Davis^2065 Felosa DriveChristoval,TX76935^BobWDavis@gmail.com^325-255-1061^null
Jenni^Rousey^841 May StreetHarold,KY41635^JenniBRousey@gmail.com^606-299-4383^null
Michael^Hruby^4762 Mulberry AvenueDonaldson,AR71941^MichaelMHruby@gmail.com^501-384-2095^null
Stephanie^Burnell^3535 Oakmound RoadChicago,IL60605^StephanieRBurnell@gmail.com^773-206-4914^null
Mary^Fowler^3733 Harley Vincent DriveMayfield Heights,OH44124^MaryEFowler@gmail.com^440-720-8112^null
Frances^Rogers^4122 Melody LaneRichmond,VA23224^FrancesCRogers@gmail.com^804-396-5782^null
Jane^Wright^4037 Post AvenueDetroit Lakes,MN56501^JaneLWright@gmail.com^218-849-5801^null
Vickie^Hollandsworth^285 Bubby DriveSan Marcos,TX78666^VickieMHollandsworth@gmail.com^512-392-7404^null
Sondra^White^1730 Jerome AvenueHarlingen,TX78550^SondraJWhite@gmail.com^956-346-1147^null
Roger^Trumbull^4938 Post AvenueWadena,MN56482^RogerMTrumbull@gmail.com^218-980-9528^null
Cynthia^Lewis^403 Fieldcrest RoadBrentwood,NY11717^CynthiaALewis@gmail.com^631-904-8795^null
John^Johnson^4920 Losh LanePittsburgh,PA15219^JohnPJohnson@gmail.com^412-765-0469^null
Linda^Senn^2340 Steele StreetNorthbrook,IL60062^LindaMSenn@gmail.com^630-686-5365^null
Lucy^Gammon^2655 Ruckman RoadOklahoma City,OK73102^LucyJGammon@gmail.com^405-714-7358^null
Juan^Vezina^2471 Granville LaneNewark,NJ7102^JuanNVezina@gmail.com^973-430-8339^null
Paul^Davis^3098 Charack RoadJeffersonville,IN47130^PaulLDavis@gmail.com^812-288-1216^null
Barbara^Perez^4298 Frosty LaneIthaca,NY14850^BarbaraEPerez@gmail.com^607-645-3507^null
Larry^Rutter^1753 Spruce DriveGibsonia,PA15044^LarryARutter@gmail.com^724-870-6112^null
Ignacio^McMillan^3118 Cook Hill RoadMeriden,CT6450^IgnacioKMcMillan@gmail.com^203-456-1680^null
Emiko^Morris^1155 Simpson StreetRock Island,IL61201^EmikoDMorris@gmail.com^309-788-8423^null
Joshua^Conley^4797 Findley AvenuePembina,ND58271^JoshuaEConley@gmail.com^701-825-5901^null
Charlotte^Cole^4487 Briarhill LaneYoungstown,OH44509^CharlotteJCole@gmail.com^330-270-6418^null
Jay^Elston^4614 Sycamore RoadBend,OR97701^JayEElston@gmail.com^541-408-1485^null
Richard^Cowan^4290 Small StreetNew York,NY10016^RichardKCowan@gmail.com^212-834-7477^null
Nathan^Kearns^2096 Goodwin AvenueKennewick,WA99336^NathanSKearns@gmail.com^509-392-8586^null
Deborah^Seitz^2272 Elsie DriveAshley,SD58413^DeborahMSeitz@gmail.com^605-289-8658^null
Gina^Wilson^2706 Tetrick RoadWinter Haven,FL33881^GinaHWilson@gmail.com^863-401-6570^null
Ruben^Fletcher^248 Taylor StreetWhite Plains,NY10601^RubenCFletcher@gmail.com^914-717-0184^null
Laura^Krull^1875 Hannah StreetHickory,NC28601^LauraMKrull@gmail.com^828-320-5898^null
Carmen^Beasley^3133 Kimberly WayGrand Rapids,MI49503^CarmenMBeasley@gmail.com^616-836-6064^null
Melinda^Federico^3951 Wetzel LaneKaleva,MI49645^MelindaBFederico@gmail.com^231-362-1111^null
Charles^Garrett^3209 Pike StreetSan Diego,CA92111^CharlesCGarrett@gmail.com^858-573-3406^null
Whitney^Cook^2276 Locust View DriveSan Francisco,CA94118^WhitneyRCook@gmail.com^415-876-2520^null
Carol^Oleary^733 Conaway StreetFerdinand,IN47532^CarolLOleary@gmail.com^812-367-8269^null
Michael^Pasquale^3626 Frosty LaneBinghamton,NY13901^MichaelTPasquale@gmail.com^607-721-3168^null
Rafael^Pinson^3874 Overlook DriveIndianapolis,IN46268^RafaelEPinson@gmail.com^765-326-1431^null
Delora^Tefft^3188 Jadewood DriveNorthbrook,IL60062^DeloraKTefft@gmail.com^224-234-6498^null
Nancy^Jenkins^2307 Saint James DriveHarrisburg,PA17111^NancyDJenkins@gmail.com^717-439-5799^null
Joyce^Hernandez^4485 Badger Pond LaneTampa,FL33610^JoyceJHernandez@gmail.com^727-219-1999^null
Diane^Wilhelm^1614 Hewes AvenueBaltimore,MD21202^DianeGWilhelm@gmail.com^443-659-3193^null
Rachel^Ray^1690 Garfield RoadPeoria,IL61602^RachelJRay@gmail.com^309-642-7862^null
Evelyn^Heer^2427 Chicago AvenueFresno,CA93721^EvelynCHeer@gmail.com^559-656-8185^null
Courtney^Harton^906 Lochmere LaneGroton,CT6340^CourtneyCHarton@gmail.com^860-445-1854^null
Geoffrey^Hartle^410 Pine Tree LaneHerndon,MD22070^GeoffreyCHartle@gmail.com^240-390-9257^null
Lurlene^Knight^3520 Coffman AlleyLewisburg L Co.,KY42256^LurleneSKnight@gmail.com^270-755-9480^null
Sandra^King^4911 Mudlick RoadSpokane,WA99201^SandraMKing@gmail.com^509-479-4704^null
Harry^Krueger^4124 Wiseman StreetDandridge,TN37725^HarryMKrueger@gmail.com^865-397-9747^null
Deborah^Griffin^1366 Euclid AvenueSanta Maria,CA93458^DeborahSGriffin@gmail.com^805-346-8523^null
Christine^Clegg^2193 Ash AvenueSaint Louis,MO63108^ChristineDClegg@gmail.com^314-823-5433^null
Rafael^Walker^3670 Froe StreetRipley,WV25271^RafaelMWalker@gmail.com^304-377-7309^null
Daphne^Ofarrell^223 Argonne StreetNewark,DE19714^DaphnePOfarrell@gmail.com^302-254-5880^null
Robert^Roper^2533 Eden DriveSan Luis Obispo,CA93401^RobertRRoper@gmail.com^805-213-7954^null
Michael^Benn^525 Southern StreetRoslyn,NY11576^MichaelJBenn@gmail.com^516-621-5321^null
Wiley^White^4136 Cedar LaneBoston,MA2110^WileyJWhite@gmail.com^617-563-3067^null
Rebecca^Dudley^1938 Boone StreetCorpus Christi,TX78401^RebeccaEDudley@gmail.com^361-246-8895^null
Jared^Barros^1250 Hall Valley DriveBluefield,WV24701^JaredABarros@gmail.com^304-716-2835^null
Jerry^Ruck^2222 Burke StreetWellesley,MA2181^JerryKRuck@gmail.com^781-239-5795^null
Beverly^Kaminski^726 Selah WayBrattleboro,VT5301^BeverlyMKaminski@gmail.com^802-717-6560^null
Karen^Jones^993 Raver Croft DriveChattanooga,TN37403^KarenGJones@gmail.com^423-665-5421^null
Christopher^Paul^1294 Still Pastures DriveNorth Sumter,SC29150^ChristopherEPaul@gmail.com^803-491-3339^null
Johanna^Montalvo^518 Maud StreetWilmington,DE19801^JohannaRMontalvo@gmail.com^302-661-4394^null
Antonio^Terrio^3053 Rockwell LaneElizabeth City,NC27909^AntonioETerrio@gmail.com^252-599-4788^null
Virginia^Frandsen^2299 Oak WayHastings,NE68901^VirginiaCFrandsen@gmail.com^402-463-4736^null
Kelvin^Buchanan^3251 Maple CourtPotosi,MO63664^KelvinDBuchanan@gmail.com^573-438-8558^null
Robert^Pinckney^4841 Cantebury DriveMineola,NY11501^RobertPPinckney@gmail.com^646-584-3319^null
James^Hansen^2569 Stoneybrook RoadMaitland,FL32751^JamesNHansen@gmail.com^321-476-8988^null
Concepcion^Morgan^3861 Cantebury DriveNew York,NY10011^ConcepcionFMorgan@gmail.com^646-696-9793^null
Sandra^Long^1811 Blair CourtMaryville,MO64468^SandraELong@gmail.com^660-623-9574^null
Irene^Estes^257 Hillside DriveWest Roxbury,MA2132^IreneMEstes@gmail.com^339-224-8673^null
Celia^Fitch^3309 West DriveHickory Hills,IL60457^CeliaCFitch@gmail.com^312-533-4744^null
George^Cogdell^961 Maple LaneHuntsville,AL35816^GeorgeMCogdell@gmail.com^256-460-4038^null
Esther^Gorman^1301 Robinson CourtAlpena,MI60631^EstherPGorman@gmail.com^989-464-9000^null
Constance^Green^3986 Villa DriveElkhart,IN46516^ConstanceKGreen@gmail.com^574-523-7024^null
Teresa^McAllister^1423 Happy Hollow RoadCharlotte,NC28202^TeresaJMcAllister@gmail.com^910-555-3949^null
Harold^Littlefield^1720 Rhode Island AvenueSilver Spring,DC20904^HaroldSLittlefield@gmail.com^202-345-3463^null
Tuan^Larson^1560 Eva Pearl StreetGonzales,LA70737^TuanRLarson@gmail.com^225-743-0011^null
Becky^Fouche^133 Wildrose LaneDetroit,MI48202^BeckyJFouche@gmail.com^313-871-9207^null
Donald^Bennett^3971 Cottonwood LaneGrand Rapids,MI49503^DonaldMBennett@gmail.com^616-302-7760^null
Ronald^Sharpe^385 Timber Oak DrivePomona,CA91766^RonaldSSharpe@gmail.com^805-915-9432^null
Christi^Shearer^4250 Frosty LaneHancock,NY13783^ChristiMShearer@gmail.com^607-637-5589^null
Heather^Griffith^4458 Turkey Pen LaneMontgomery,AL36104^HeatherAGriffith@gmail.com^334-528-2109^null
Rachel^Peachey^2034 Patterson StreetHouston,TX77032^RachelHPeachey@gmail.com^713-298-0716^null
Alma^Patterson^2719 Ryan RoadRoslyn,SD57261^AlmaGPatterson@gmail.com^605-486-2747^null
Brian^Mann^2294 Franklin AvenueCorpus Christi,TX78401^BrianEMann@gmail.com^361-903-1057^null
Dave^Hutchinson^3053 Owagner LaneSeattle,WA98109^DaveTHutchinson@gmail.com^206-259-4476^null
Heather^Woods^4586 Eva Pearl StreetBaton Rouge,LA70801^HeatherRWoods@gmail.com^225-704-1601^null
Timothy^Reece^4129 Kidd AvenueOliktok,AK99501^TimothyMReece@gmail.com^907-791-7151^null
Sharon^Chan^995 Timbercrest RoadWales,AK99783^SharonJChan@gmail.com^907-664-1605^null
Arnold^Chase^1690 Star Trek DriveFort Walton Beach,FL32548^ArnoldDChase@gmail.com^850-362-4696^null
June^McLean^2363 Washington AvenueJackson,MS39211^JuneAMcLean@gmail.com^601-977-7428^null
Kenneth^Serrano^1898 Leisure LaneNewbury Park,CA91320^KennethLSerrano@gmail.com^805-498-9494^null
Michael^Rush^723 Lilac LaneSavannah,GA31401^MichaelMRush@gmail.com^912-399-2761^null
Phyllis^Hunter^1215 Pratt AvenueSouth Prairie,WA98385^PhyllisJHunter@gmail.com^360-897-1904^null
Leann^Bayer^2260 Foley StreetBoynton Beach,FL33436^LeannVBayer@gmail.com^954-696-2282^null
Isidro^Lopez^2382 Lucy LaneLewis,IN47858^IsidroBLopez@gmail.com^812-495-0787^null
Deon^Leeper^866 Elm DriveNew York,NY10021^DeonMLeeper@gmail.com^646-422-4863^null
Eva^Artz^2892 Vernon StreetFullerton,CA93632^EvaRArtz@gmail.com^760-680-0501^null
Ashley^Burden^2161 Lynn StreetBoston,MA2114^AshleyDBurden@gmail.com^617-222-8964^null
Nichole^Dover^4034 Benson StreetArkansaw,WI54721^NicholeKDover@gmail.com^715-285-4606^null
Kelly^Garvin^3116 Liberty StreetPlano,TX75074^KellyJGarvin@gmail.com^214-829-7248^null
Cody^Greene^3944 Marion DriveWinter Haven,FL33830^CodyHGreene@gmail.com^813-478-1360^null
Scotty^Begley^3785 Nancy StreetDurham,NC27703^ScottyKBegley@gmail.com^919-674-4615^null
Billy^Slattery^3179 Chapmans LaneGrants,NM87020^BillyLSlattery@gmail.com^505-876-7545^null
Jennie^Murray^2227 Heron WayHillsboro,OR97123^JennieJMurray@gmail.com^503-846-6744^null
Peter^King^784 Doctors DriveGardena,CA90247^PeterAKing@gmail.com^310-404-7479^null
Ernie^Matthew^2501 Stiles StreetCrafton,PA15205^ErnieAMatthew@gmail.com^412-596-5553^null
Ines^Toney^2938 Caldwell RoadRochester,NY14613^InesJToney@gmail.com^585-254-4583^null
Sarah^Roy^571 Penn StreetStlouis,MO63101^SarahRRoy@gmail.com^573-270-5325^null
Mike^Heller^2935 Patterson Fork RoadChicago,IL60606^MikeJHeller@gmail.com^312-632-2395^null
Tom^Daniel^4866 Pearlman AvenueAndover,MA1810^TomSDaniel@gmail.com^978-247-7345^null
Paul^Rutland^4076 Tully StreetDearborn,MI48126^PaulJRutland@gmail.com^313-621-6666^null
Humberto^Smith^4681 Sunburst DriveCape Coral,FL33990^HumbertoMSmith@gmail.com^239-424-1357^null
Christopher^Rogers^2539 Ward RoadEl Paso,TX79901^ChristopherARogers@gmail.com^915-225-2223^null
Margie^Morton^3912 Boundary StreetJacksonville,FL32202^MargieAMorton@gmail.com^904-571-4573^null
David^Cannon^1996 Haven LaneGrand Rapids,MI49503^DavidHCannon@gmail.com^517-756-3168^null
Efrain^Patton^4709 Fire Access RoadCharlotte,NC28202^EfrainJPatton@gmail.com^336-952-2643^null
Michelle^Bean^1174 Liberty AvenueLos Angeles,CA90017^MichelleMBean@gmail.com^714-509-3343^null
Donald^Hubbard^4211 College AvenueDayton,OH45402^DonaldCHubbard@gmail.com^937-359-3241^null
Neva^Galvez^654 Beechwood DrivePittsburgh,PA15222^NevaTGalvez@gmail.com^412-216-8937^null
Dave^Pasko^3670 Stone LanePhiladelphia,PA19108^DaveCPasko@gmail.com^610-400-7033^null
Connie^Labriola^3358 Irish LaneMadison,WI53703^ConnieFLabriola@gmail.com^608-713-1086^null
Alan^Bickerstaff^2972 Chandler Hollow RoadPittsburgh,PA15210^AlanMBickerstaff@gmail.com^412-390-0787^null
Donald^Ford^538 Pritchard CourtWinona,MN55987^DonaldAFord@gmail.com^507-452-3618^null
Michael^Bax^4216 Saints AlleyTampa,FL33602^MichaelPBax@gmail.com^813-658-3401^null
Christine^Stewart^1673 Oak AvenueArlington Heights,IL60005^ChristineMStewart@gmail.com^847-979-0118^null
Ernesto^Stamper^2225 Leisure LaneSan Luis Obispo,CA93401^ErnestoEStamper@gmail.com^805-561-4994^null
Kristopher^Bates^3483 Jerry Dove DriveMyrtle Beach,SC29575^KristopherLBates@gmail.com^843-477-1002^null
Joni^Jusino^1089 Parrish AvenueSan Antonio,TX78205^JoniVJusino@gmail.com^830-953-1212^null
Lori^Inman^4912 Canis Heights DriveLos Angeles,CA90071^LoriCInman@gmail.com^213-623-7003^null
John^Tetrault^4846 Simpson AvenueHarrisburg,PA17111^JohnETetrault@gmail.com^717-877-3722^null
Janet^Elizondo^1664 Poe LaneKansas City,KS66215^JanetDElizondo@gmail.com^913-484-6031^null
Claudia^Gibson^1552 Ritter AvenueWestland,MI48185^ClaudiaVGibson@gmail.com^586-615-4603^null
Christina^Terry^1768 Franklee LaneNorristown,PA19403^ChristinaBTerry@gmail.com^484-494-4640^null
Brian^Curran^4473 Scheuvront DriveCentennial,CO80111^BrianLCurran@gmail.com^303-488-2865^null
Richard^Castro^3501 Indiana AvenueMakawao,HI96768^RichardLCastro@gmail.com^808-572-1495^null
Carolyn^Johnson^1665 High Meadow LaneSweet Valley,PA18656^CarolynSJohnson@gmail.com^570-477-1119^null
Harry^Willingham^2198 Hanover StreetNew York,NY10013^HarryKWillingham@gmail.com^917-656-7785^null
Steven^Ashburn^1999 Tetrick RoadFort Meade,FL33841^StevenJAshburn@gmail.com^863-285-7554^null
Stephen^Duncan^4483 Hewes AvenueBaltimore,MD21202^StephenNDuncan@gmail.com^443-583-8342^null
Scott^Blue^754 Hornor AvenueTulsa,OK74131^ScottVBlue@gmail.com^918-409-7478^null
Daniel^Green^4326 Hillcrest LaneIrvine,CA92614^DanielJGreen@gmail.com^949-903-3219^null
Robert^Thompson^906 Ferguson StreetS Boston,MA2127^RobertBThompson@gmail.com^508-510-0767^null
Erica^Iverson^3077 Fantages WayPortland,ME4101^EricaTIverson@gmail.com^207-761-2997^null
Ann^Watts^2051 Hill Haven DriveKilleen,TX76541^AnnTWatts@gmail.com^254-238-7965^null
David^Schwartz^893 Green Gate LaneWindsor Mill,MD21244^DavidMSchwartz@gmail.com^443-745-8033^null
Kathryn^Blalock^386 Lighthouse DriveBranson,MO65616^KathrynEBlalock@gmail.com^417-335-3917^null
Carolyn^Garcia^4397 Stratford DriveWaipahu,HI96797^CarolynBGarcia@gmail.com^808-271-8333^null
Ryan^Gonzalez^1347 Pinnickinnick StreetRed Bank,NJ7701^RyanDGonzalez@gmail.com^732-877-8810^null
Mercedes^Williams^4821 Carolina AvenueHarlingen,TX78550^MercedesGWilliams@gmail.com^956-841-1597^null
Vera^Trent^2659 Gore StreetSugar Land,TX77478^VeraSTrent@gmail.com^713-607-0029^null
Anne^Michaud^4893 Franklin StreetTuskegee,AL36083^AnneHMichaud@gmail.com^334-725-0248^null
Dennis^Spratt^4810 Emily DriveElloree,SC29047^DennisSSpratt@gmail.com^803-897-2012^null
Wanda^Allen^840 Masonic DriveAnaconda,MT59711^WandaRAllen@gmail.com^406-563-0023^null
Kimberley^Aaron^3282 Evergreen LaneSouth Gate,CA90280^KimberleyCAaron@gmail.com^323-564-1481^null
Amanda^Macdonald^3602 Randolph StreetPawtucket,MA2860^AmandaLMacdonald@gmail.com^508-761-7538^null
Harold^Wilkey^545 Davis LaneEnglewood,CO80112^HaroldAWilkey@gmail.com^720-267-5386^null
Kari^Monteleone^308 Mapleview DriveTrimble,TN38259^KariJMonteleone@gmail.com^731-297-6256^null
Elva^Velazquez^1470 Beechwood AvenueRed Bank,NJ7701^ElvaMVelazquez@gmail.com^908-869-6729^null
William^Griffith^4444 Martha StreetWikieup,AZ85360^WilliamDGriffith@gmail.com^928-765-8402^null
Crystal^Bell^345 Duff AvenueSouth Burlington,VT5403^CrystalRBell@gmail.com^802-435-9159^null
Paul^Thomas^2918 Neville StreetEvansville,IN47711^PaulTThomas@gmail.com^812-568-1975^null
Robert^Neville^854 Drainer AvenueTallahassee,FL32301^RobertENeville@gmail.com^850-577-9507^null
Thomas^Brandt^3590 Whiteman StreetPenns Neck,NJ8540^ThomasJBrandt@gmail.com^609-919-2185^null
Cora^Bock^3105 Limer StreetColumbus,GA31901^CoraDBock@gmail.com^706-464-5868^null
Louis^Dillon^3461 Berry StreetPueblo,CO81003^LouisDDillon@gmail.com^719-778-9620^null
Edward^Dudley^4585 Duffy StreetLaporte,IN46350^EdwardBDudley@gmail.com^219-851-1879^null
David^Pidgeon^3637 Whitetail LaneDallas,TX75207^DavidRPidgeon@gmail.com^469-449-1542^null
Bert^Johnson^3712 Hillside DriveWorcester,MA1610^BertBJohnson@gmail.com^339-707-9908^null
Krista^Cummings^1135 Jerry Toth DriveScammon Bay,AK99662^KristaCCummings@gmail.com^907-558-0218^null
